1,"GST Registration in India – Everything You Need to Know",gst-registration,secondary
2,"GST Registration in India – Everything You Need to Know",gst-registration,secondary
3,"FSSAI Annual Return Filing – A Complete Guide (An Overview of FSSAI Annual Return)",fssai-annual-return,secondary
4,"FSSAI Annual Return Filing – A Complete Guide (An Overview of FSSAI Annual Return)",fssai-annual-return,secondary
5,"FSSAI License and Registration in India – A Complete Guide",fssai-license-registration,secondary
6,"FSSAI License and Registration in India – A Complete Guide",fssai-license-registration,secondary
7,"One Person Company Registration – An Overview",opc-registration,secondary
8,"One Person Company Registration – An Overview",opc-registration,secondary
9,"Partnership Firm Registration: A Complete Guide",partnership-firm-registration,secondary
10,"Partnership Firm Registration: A Complete Guide",partnership-firm-registration,secondary
11,"Why Choose Mauritius for Company Registration?",mauritius-company-registration,secondary
12,"Why Choose Mauritius for Company Registration?",mauritius-company-registration,secondary
13,"Company Registration in Dubai – A Complete Guide",dubai-company-registration,secondary
14,"Company Registration in Dubai – A Complete Guide",dubai-company-registration,secondary
15,"Why Global Entrepreneurs Choose Company Registration in Sri Lanka",sri-lanka-company-registration,secondary
16,"Why Global Entrepreneurs Choose Company Registration in Sri Lanka",sri-lanka-company-registration,secondary
17,"Start Your Business Journey with a Sole Proprietorship",sole-proprietorship-registration,secondary
18,"Start Your Business Journey with a Sole Proprietorship",sole-proprietorship-registration,secondary
19,"Why Choose DoStartup for Company Registration in the USA",usa-company-registration,secondary
20,"Why Choose DoStartup for Company Registration in the USA",usa-company-registration,secondary
21,"Company Registration in Singapore – A Complete Guide for Foreign Entrepreneurs",singapore-company-registration,secondary
22,"Company Registration in Singapore – A Complete Guide for Foreign Entrepreneurs",singapore-company-registration,secondary
23,"Company Registration in Hong Kong – A Gateway to Global Business",hong-kong-company-registration,secondary
24,"Company Registration in Hong Kong – A Gateway to Global Business",hong-kong-company-registration,secondary
25,"Simplifying NBFC Compliance for a Stronger Financial Future",nbfc-compliance,secondary
26,"Simplifying NBFC Compliance for a Stronger Financial Future",nbfc-compliance,secondary
27,"Change in Registered Office Address – Complete Guide",change-registered-office,secondary
28,"Change in Registered Office Address – Complete Guide",change-registered-office,secondary
29,"Company Registration in France – A Comprehensive Guide",france-company-registration,secondary
30,"Company Registration in France – A Comprehensive Guide",france-company-registration,secondary
31,"Form MGT-7 Filing – Annual Return Compliance for Companies",mgt-7-compliance,secondary
32,"Form MGT-7 Filing – Annual Return Compliance for Companies",mgt-7-compliance,secondary
33,"SPICe+ Form: A Comprehensive Solution for Company Registration in India",spice-plus-compliance,secondary
34,"SPICe+ Form: A Comprehensive Solution for Company Registration in India",spice-plus-compliance,secondary
35,"What is Form AGILE PRO S? – A Comprehensive Guide",agile-pro-s-compliance,secondary
36,"What is Form AGILE PRO S? – A Comprehensive Guide",agile-pro-s-compliance,secondary
37,"A Complete Guide to MCA Compliance",mca-compliance,secondary
38,"A Complete Guide to MCA Compliance",mca-compliance,secondary
39,"CE Certification: Your Gateway to the European Market",ce-certification-compliance,secondary
40,"CE Certification: Your Gateway to the European Market",ce-certification-compliance,secondary
41,"PESO Certification: A Simplified Guide",peso-certification-compliance,secondary
42,"PESO Certification: A Simplified Guide",peso-certification-compliance,secondary
43,"TEC Certification: Mandatory Telecom Equipment Approval in India",tec-certification-compliance,secondary
44,"TEC Certification: Mandatory Telecom Equipment Approval in India",tec-certification-compliance,secondary
45,"MSME Registration in India: Udyam Compliance for Small Businesses",msme-registration-india,secondary
46,"MSME Registration in India: Udyam Compliance for Small Businesses",msme-registration-india,secondary
47,"WPC Certification: Mandatory Wireless Compliance in India",wpc-certification-compliance,secondary
48,"WPC Certification: Mandatory Wireless Compliance in India",wpc-certification-compliance,secondary
49,"IEC Code Registration – Unlock Global Trade Opportunities",iec-code-registration,secondary
50,"IEC Code Registration – Unlock Global Trade Opportunities",iec-code-registration,secondary
51,"NSIC Registration in India – Everything You Need to Know",nsic-registration,secondary
52,"NSIC Registration in India – Everything You Need to Know",nsic-registration,secondary
53,"APEDA Registration – A Complete Overview",apeda-registration,secondary
54,"APEDA Registration – A Complete Overview",apeda-registration,secondary
55,"An Overview of RNI Registration in India",rni-registration,secondary
56,"An Overview of RNI Registration in India",rni-registration,secondary
57,"RERA Registration – A Complete Overview",rera-registration,secondary
58,"RERA Registration – A Complete Overview",rera-registration,secondary
59,"PM WANI WiFi Registration Scheme: A Complete Overview",pm-wani-registration,secondary
60,"PM WANI WiFi Registration Scheme: A Complete Overview",pm-wani-registration,secondary
61,"An Overview of GST Return Filing",gst-return-filing,secondary
62,"An Overview of GST Return Filing",gst-return-filing,secondary
63,"Legal Heir Certificate – An Overview",legal-heir-certificate,secondary
64,"Legal Heir Certificate – An Overview",legal-heir-certificate,secondary
65,"BIS Registration Certificate – An Overview",bis-registration,secondary
66,"BIS Registration Certificate – An Overview",bis-registration,secondary
67,"Coconut Board Registration – Everything You Need to Know",coconut-board-registration,secondary
68,"Coconut Board Registration – Everything You Need to Know",coconut-board-registration,secondary
69,"CDSCO Registration Certificate – An Overview",cdsco-registration,secondary
70,"CDSCO Registration Certificate – An Overview",cdsco-registration,secondary
71,"Overview of Trademark Registration in India",trademark-registration,secondary
72,"Overview of Trademark Registration in India",trademark-registration,secondary
73,"Copyright Registration in India – A Comprehensive Overview",copyright-registration,secondary
74,"Copyright Registration in India – A Comprehensive Overview",copyright-registration,secondary
75,"Overview of Copyright Disclaimer",copyright-disclaimer,secondary
76,"Overview of Copyright Disclaimer",copyright-disclaimer,secondary
77,"Insurance Broker License in India – A Comprehensive Guide",insurance-broker-license,secondary
78,"Insurance Broker License in India – A Comprehensive Guide",insurance-broker-license,secondary
79,"Copyright Licensing in India – An Overview",copyright-licensing,secondary
80,"Copyright Licensing in India – An Overview",copyright-licensing,secondary
81,"Patent Registration in India – An Overview",patent-registration,secondary
82,"Patent Registration in India – An Overview",patent-registration,secondary
83,"An Overview of Indian Patent Search",indian-patent-search,secondary
84,"An Overview of Indian Patent Search",indian-patent-search,secondary
85,"Overview of Patent Revocation in India",patent-revocation,secondary
86,"Overview of Patent Revocation in India",patent-revocation,secondary
87,"An Overview of Copyright Objection",copyright-objection,secondary
88,"An Overview of Copyright Objection",copyright-objection,secondary
89,"Design Registration with DOstartup",design-registration,secondary
90,"Design Registration with DOstartup",design-registration,secondary
91,"Trademark Rectification with DOstartup",trademark-rectification,secondary
92,"Trademark Rectification with DOstartup",trademark-rectification,secondary
93,"EPR Registration in India – A Comprehensive Overview",epr-registration,secondary
94,"EPR Registration in India – A Comprehensive Overview",epr-registration,secondary
95,"Plastic Waste Authorization in India – An Overview by DoStartup",plastic-waste-authorization,secondary
96,"Plastic Waste Authorization in India – An Overview by DoStartup",plastic-waste-authorization,secondary
97,"International Trademark Registration – Madrid Protocol Made Simple",international-trademark-registration,secondary
98,"International Trademark Registration – Madrid Protocol Made Simple",international-trademark-registration,secondary
99,"Construction and Demolition Waste Recycling – An Overview",cd-waste-recycling,secondary
100,"Construction and Demolition Waste Recycling – An Overview",cd-waste-recycling,secondary
101,"An Overview of Copyright Assignment",copyright-assignment,secondary
102,"An Overview of Copyright Assignment",copyright-assignment,secondary
103,"FCRA Registration – Open Your NGO to Global Funding",fcra-registration,secondary
104,"FCRA Registration – Open Your NGO to Global Funding",fcra-registration,secondary
105,"12AA Registration in India – Your Gateway to Tax Exemption for NGOs",12aa-registration,secondary
106,"12AA Registration in India – Your Gateway to Tax Exemption for NGOs",12aa-registration,secondary
107,"Carbon Credit Trading Scheme – An Overview",carbon-credit-trading-scheme,secondary
108,"Carbon Credit Trading Scheme – An Overview",carbon-credit-trading-scheme,secondary
109,"Trust Registration in India – Fast, Reliable, and Compliant",trust-registration,secondary
110,"Trust Registration in India – Fast, Reliable, and Compliant",trust-registration,secondary
111,"NGO Darpan Registration in India – Secure More Funding, Credibility & Government Partnerships",ngo-darpan-registration,secondary
112,"NGO Darpan Registration in India – Secure More Funding, Credibility & Government Partnerships",ngo-darpan-registration,secondary
113,"Geographical Indication (GI) Registration in India – Protect Your Product’s Legacy",gi-registration,secondary
114,"Geographical Indication (GI) Registration in India – Protect Your Product’s Legacy",gi-registration,secondary
115,"PSARA License in India – Start Your Private Security Agency Legally",psara-license,secondary
116,"PSARA License in India – Start Your Private Security Agency Legally",psara-license,secondary
117,"Simplify Your Trust’s Annual Compliance – Accurate, Timely, and Hassle-Free Solutions",trust-annual-compliance,secondary
118,"Simplify Your Trust’s Annual Compliance – Accurate, Timely, and Hassle-Free Solutions",trust-annual-compliance,secondary
119,"ISO 45001 Certification – An Overview",iso-45001-certification,secondary
120,"ISO 45001 Certification – An Overview",iso-45001-certification,secondary
121,"Environmental Clearance (EC) – A Complete Overview",environmental-clearance,secondary
122,"Environmental Clearance (EC) – A Complete Overview",environmental-clearance,secondary
123,"Social Impact Assessment",social-impact-assessment,secondary
124,"Social Impact Assessment",social-impact-assessment,secondary
125,"TPAP License Registration in India",tpap-license,secondary
126,"TPAP License Registration in India",tpap-license,secondary
127,"ISI Mark Certification",isi-mark-certification,secondary
128,"ISI Mark Certification",isi-mark-certification,secondary
129,"Mobile Wallet (PPI) License in India",mobile-wallet-license,secondary
130,"Mobile Wallet (PPI) License in India",mobile-wallet-license,secondary
131,"NBFC Takeover – A Complete Guide (An Overview of NBFC Acquisition in India)",nbfc-takeover,secondary
132,"NBFC Takeover – A Complete Guide (An Overview of NBFC Acquisition in India)",nbfc-takeover,secondary
133,"Microfinance Company Registration – Complete Guide to Start Your MFI in India",microfinance-company-registration,secondary
134,"Microfinance Company Registration – Complete Guide to Start Your MFI in India",microfinance-company-registration,secondary
135,"FFMC License Registration – Full Fledged Money Changer License in India",ffmc-license-registration,secondary
136,"FFMC License Registration – Full Fledged Money Changer License in India",ffmc-license-registration,secondary
137,"NBFC Registration in India – A Complete Overview by DoStartup",nbfc-registration,secondary
138,"NBFC Registration in India – A Complete Overview by DoStartup",nbfc-registration,secondary
139,"Housing Finance Company Registration in India",housing-finance-company-registration,secondary
140,"Housing Finance Company Registration in India",housing-finance-company-registration,secondary
141,"Prepaid Wallet License (PPI License) in India",prepaid-wallet-license,secondary
142,"Prepaid Wallet License (PPI License) in India",prepaid-wallet-license,secondary
143,"Peer-to-Peer (P2P) Lending License in India",p2p-lending-license,secondary
144,"Peer-to-Peer (P2P) Lending License in India",p2p-lending-license,secondary
145,"Payment Bank License in India",payment-bank-license,secondary
146,"Payment Bank License in India",payment-bank-license,secondary
147,"NBFC Account Aggregator License in India",nbfc-account-aggregator-license,secondary
148,"NBFC Account Aggregator License in India",nbfc-account-aggregator-license,secondary
149,"Payment Gateway License in India",payment-gateway-license,secondary
150,"Payment Gateway License in India",payment-gateway-license,secondary
151,"Introduction to Industrial Waste Management",industrialWasteContent,secondary
152,"Introduction to Industrial Waste Management",industrialWasteContent,secondary
153,"Trademark Search in India",trademark-search-in-india,primary
154,"Trademark Search in India",trademark-search-in-india,primary
155,"Brand Name Registration in India",brand-name-registration-in-india,primary
156,"Brand Name Registration in India",brand-name-registration-in-india,primary
157,"Biomedical Waste Treatment Plant – Overview",bio-medical-waste-treatment-plant,secondary
158,"Biomedical Waste Treatment Plant – Overview",bio-medical-waste-treatment-plant,secondary
159,"Logo Registration in India",logo-registration-in-india,primary
160,"Logo Registration in India",logo-registration-in-india,primary
161,"Eating House License Registration",eating-house-license,primary
162,"Eating House License Registration",eating-house-license,primary
163,"FSSAI State License",fssai-state-license,primary
164,"FSSAI State License",fssai-state-license,primary
165,"FSSAI State License Renewal",fssai-license-renewal,primary
166,"FSSAI State License Renewal",fssai-license-renewal,primary
167,"Special Leave Petition (SLP) – File in Supreme Court of India",special-leave-petition-supreme-court,primary
168,"Special Leave Petition (SLP) – File in Supreme Court of India",special-leave-petition-supreme-court,primary
169,"FPO Certification in India – Everything You Need to Know",fpo-certification,primary
170,"FPO Certification in India – Everything You Need to Know",fpo-certification,primary
171,"Food Recycling License in India – Everything You Need to Know",food-recycling-license,primary
172,"Food Recycling License in India – Everything You Need to Know",food-recycling-license,primary
173,"Private Limited Company Registration in India – A Quick Guide",private-limited-company-registration,primary
174,"Private Limited Company Registration in India – A Quick Guide",private-limited-company-registration,primary
175,"FSSAI Central License: A Complete Overview",fssai-central-license,primary
176,"FSSAI Central License: A Complete Overview",fssai-central-license,primary
177,"FSSAI Product Approval – Everything You Need to Know",fssai-product-approval,primary
178,"FSSAI Product Approval – Everything You Need to Know",fssai-product-approval,primary
179,"Nidhi Company Registration – A Quick Guide",nidhi-company-registration,primary
180,"Nidhi Company Registration – A Quick Guide",nidhi-company-registration,primary
181,"Farmer Producer Company Registration in India – A Complete Guide",producer-company-registration,primary
182,"Farmer Producer Company Registration in India – A Complete Guide",producer-company-registration,primary
183,"Conversion of Sole Proprietorship into a Private Limited Company – An Overview",conversion-of-sole-proprietorship,primary
184,"Conversion of Sole Proprietorship into a Private Limited Company – An Overview",conversion-of-sole-proprietorship,primary
185,"Conversion of LLP to Private Limited Company in India – A Complete Guide",llp-to-private-company-conversion,primary
186,"Conversion of LLP to Private Limited Company in India – A Complete Guide",llp-to-private-company-conversion,primary
187,"Indian Subsidiary Company Registration in India",indian-subsidiary-company-registration,primary
188,"Indian Subsidiary Company Registration in India",indian-subsidiary-company-registration,primary
189,"Conversion of Partnership Firm into a Private Limited Company – A Quick Guide",convert-partnership-to-privateLtd,primary
190,"Conversion of Partnership Firm into a Private Limited Company – A Quick Guide",convert-partnership-to-privateLtd,primary
191,"Closing a Limited Liability Partnership (LLP): What You Need to Know",closing-llp,primary
192,"Closing a Limited Liability Partnership (LLP): What You Need to Know",closing-llp,primary
193,"Compliances for a Private Limited Company in India: A Quick Overview",compliances-private-limited-company,primary
194,"Compliances for a Private Limited Company in India: A Quick Overview",compliances-private-limited-company,primary
195,"Event‑Based Compliances for Companies: What You Need to Know",event-based-compliances,primary
196,"Event‑Based Compliances for Companies: What You Need to Know",event-based-compliances,primary
197,"Overview of Winding Up a Private Limited Company",winding-up-private-limited-company,primary
198,"Overview of Winding Up a Private Limited Company",winding-up-private-limited-company,primary
199,"Memorandum of Association (MOA) – Foundation of a Company",moa-memorandum-of-association,primary
200,"Memorandum of Association (MOA) – Foundation of a Company",moa-memorandum-of-association,primary
201,"Company Naming Guidelines: A Complete Legal Framework",company-naming-guidelines,primary
202,"Company Naming Guidelines: A Complete Legal Framework",company-naming-guidelines,primary
203,"Director Removal Process: Legal Framework & Compliance Guide",director-removal-process,primary
204,"Director Removal Process: Legal Framework & Compliance Guide",director-removal-process,primary
205,"Nidhi Company Compliance: Rules, Restrictions & ROC Filings",nidhi-company-compliance,primary
206,"Nidhi Company Compliance: Rules, Restrictions & ROC Filings",nidhi-company-compliance,primary
207,"Overview of Section 8 Company Compliance",section8-company-compliance,primary
208,"Overview of Section 8 Company Compliance",section8-company-compliance,primary
209,"Overview of Director Appointment and Resignation",director-appointment-resignation,primary
210,"Overview of Director Appointment and Resignation",director-appointment-resignation,primary
211,"Change in Registered Office Address",change-in-registered-office-address,primary
212,"Change in Registered Office Address",change-in-registered-office-address,primary
213,"Revival of Struck Off Companies – Hassle-Free Restoration Services",change-in-struck-off-companies,primary
214,"Revival of Struck Off Companies – Hassle-Free Restoration Services",change-in-struck-off-companies,primary
215,"Change in Directors",change-in-directors,primary
216,"Change in Directors",change-in-directors,primary
217,"Change in Share Capital",change-in-share-capital,primary
218,"Change in Share Capital",change-in-share-capital,primary
219,"Change in LLP Agreement",change-in-llp-agreement,primary
220,"Change in LLP Agreement",change-in-llp-agreement,primary
221,"AGR Return Filing – A Complete Overview",agr-return-filing,primary
222,"AGR Return Filing – A Complete Overview",agr-return-filing,primary
223,"Form AOC-4 – A Complete Overview",form-aoc-4,primary
224,"Form AOC-4 – A Complete Overview",form-aoc-4,primary
225,"Shop and Establishment License – An Essential Business Registration in India",shop-and-establishment-license,primary
226,"Shop and Establishment License – An Essential Business Registration in India",shop-and-establishment-license,primary
227,"Liquidation of a Company – A Complete Overview",liquidation-of-a-company,primary
228,"Liquidation of a Company – A Complete Overview",liquidation-of-a-company,primary
229,"Trade License – A Complete Overview",trade-license,primary
230,"Trade License – A Complete Overview",trade-license,primary
231,"Health Trade License – An Overview",health-trade-license,primary
232,"Health Trade License – An Overview",health-trade-license,primary
233,"Factory License – An Overview",factory-license,primary
234,"Factory License – An Overview",factory-license,primary
235,"GMP Certification – A Complete Overview",gmpCertification,primary
236,"GMP Certification – A Complete Overview",gmpCertification,primary
237,"Music License – A Complete Overview",music-license,primary
238,"Music License – A Complete Overview",music-license,primary
239,"FDA Certification – A Complete Overview",fda-certification,primary
240,"FDA Certification – A Complete Overview",fda-certification,primary
241,"AYUSH License Made Easy – Your Gateway to the Herbal & Traditional Medicine Market",ayush-license,primary
242,"AYUSH License Made Easy – Your Gateway to the Herbal & Traditional Medicine Market",ayush-license,primary
243,"CAPEXIL Registration – An Overview",capexil-registration,primary
244,"CAPEXIL Registration – An Overview",capexil-registration,primary
245,"NASSCOM Membership Certificate",nasscom-membership,primary
246,"NASSCOM Membership Certificate",nasscom-membership,primary
247,"Liquor License – A Complete Overview",liquor-license,primary
248,"Liquor License – A Complete Overview",liquor-license,primary
249,"MSO License – A Complete Overview",mso-license,primary
250,"MSO License – A Complete Overview",mso-license,primary
251,"IP-1 License – A Complete Overview",ip-1-license,primary
252,"IP-1 License – A Complete Overview",ip-1-license,primary
253,"HITS Operator – A Complete Overview",hits-operator,primary
254,"HITS Operator – A Complete Overview",hits-operator,primary
255,"FIFP Approval for Telecom – A Complete Overview",fifp-approval-telecom,primary
256,"FIFP Approval for Telecom – A Complete Overview",fifp-approval-telecom,primary
257,"DoT OSP Compliance",dot-osp-compliance,primary
258,"DoT OSP Compliance",dot-osp-compliance,primary
259,"Halal Certification – A Complete Overview",halal-certification,primary
260,"Halal Certification – A Complete Overview",halal-certification,primary
261,"Homologation Certification – A Complete Overview",homologation-certificate,primary
262,"Homologation Certification – A Complete Overview",homologation-certificate,primary
263,"IMEI Number Registration – Protect Your Devices with Do Startup",imei-registration,primary
264,"IMEI Number Registration – Protect Your Devices with Do Startup",imei-registration,primary
265,"IMEI Certificate for Import of Mobile Handsets",imei-certificate-import-mobile-handsets,primary
266,"IMEI Certificate for Import of Mobile Handsets",imei-certificate-import-mobile-handsets,primary
267,"Vehicle Type Approval Certificate – A Complete Overview",vehicle-type-approval-certificate,primary
268,"Vehicle Type Approval Certificate – A Complete Overview",vehicle-type-approval-certificate,primary
269,"IMEI Certificate Generation with Do Startup",imei-certificate-generation,primary
270,"IMEI Certificate Generation with Do Startup",imei-certificate-generation,primary
271,"EPF Registration in India: Employer's Guide to Provident Fund Compliance",epf-registration,primary
272,"EPF Registration in India: Employer's Guide to Provident Fund Compliance",epf-registration,primary
273,"FIEO Registration for Exporters – Unlock Global Trade Opportunities",fieo-registration,primary
274,"FIEO Registration for Exporters – Unlock Global Trade Opportunities",fieo-registration,primary
275,"Building NOC – Your Complete Guide",building-noc,primary
276,"Building NOC – Your Complete Guide",building-noc,primary
277,"ESI Registration in India: Social Security Compliance for Employers",esi-registration,primary
278,"ESI Registration in India: Social Security Compliance for Employers",esi-registration,primary
279,"BOCW Registration – Complete Guide",bocw-registration,primary
280,"BOCW Registration – Complete Guide",bocw-registration,primary
281,"RERA Registration for Promoters – A Complete Guide",rera-registration-for-promoters,primary
282,"RERA Registration for Promoters – A Complete Guide",rera-registration-for-promoters,primary
283,"Spice Board Registration – A Complete Guide",spice-board-registration,primary
284,"Spice Board Registration – A Complete Guide",spice-board-registration,primary
285,"Guest House Registration – A Complete Guide",guest-house-registration,primary
286,"Guest House Registration – A Complete Guide",guest-house-registration,primary
287,"RERA Registration for Agents – A Complete Guide",rera-registration-for-agents,primary
288,"RERA Registration for Agents – A Complete Guide",rera-registration-for-agents,primary
289,"Barcode Registration in India – A Complete Guide by Do Startup",barcode-registration,primary
290,"Barcode Registration in India – A Complete Guide by Do Startup",barcode-registration,primary
291,"Telemarketing Registration in India – Step-by-Step Guide by Do Startup",telemarketing-registration-india,primary
292,"Telemarketing Registration in India – Step-by-Step Guide by Do Startup",telemarketing-registration-india,primary
293,"Trusted Telecom Approval – A Complete Guide",trusted-telecom-approval,primary
294,"Trusted Telecom Approval – A Complete Guide",trusted-telecom-approval,primary
295,"Uplinking/Downlinking Channel Permission – A Complete Guide",uplinking-downlinking-permission,primary
296,"Uplinking/Downlinking Channel Permission – A Complete Guide",uplinking-downlinking-permission,primary
297,"World Manufacturer Identifier (WMI) Code Registration in India – A Complete Guide by Do Startup",world-manufacturer-identifier-wmi-code,primary
298,"World Manufacturer Identifier (WMI) Code Registration in India – A Complete Guide by Do Startup",world-manufacturer-identifier-wmi-code,primary
299,"Flipkart Seller Registration – A Complete Guide",flipkart-seller-registration,primary
300,"Flipkart Seller Registration – A Complete Guide",flipkart-seller-registration,primary
301,"Sanitary Import Permit – A Complete Guide",sanitary-import-permit,primary
302,"Sanitary Import Permit – A Complete Guide",sanitary-import-permit,primary
303,"Drone Registration – A Complete Overview",drone-registration,primary
304,"Drone Registration – A Complete Overview",drone-registration,primary
305,"TDS Return Filing Online – A Complete Guide",tds-return-filing-online,primary
306,"TDS Return Filing Online – A Complete Guide",tds-return-filing-online,primary
307,"NPOP Certification – A Complete Guide",npop-certification,primary
308,"NPOP Certification – A Complete Guide",npop-certification,primary
309,"Professional Tax Registration – A Complete Guide",professional-tax-registration,primary
310,"Professional Tax Registration – A Complete Guide",professional-tax-registration,primary
311,"Income Tax Return (ITR) Filing in India – A Complete Guide",income-tax-return-filing,primary
312,"Income Tax Return (ITR) Filing in India – A Complete Guide",income-tax-return-filing,primary
313,"Service Level Agreement (SLA) – A Complete Guide",service-level-agreement,primary
314,"Service Level Agreement (SLA) – A Complete Guide",service-level-agreement,primary
315,"Gift Deed",gift-deed,primary
316,"Gift Deed",gift-deed,primary
317,"Sale Deed Registration – A Complete Guide",sale-deed-registration,primary
318,"Sale Deed Registration – A Complete Guide",sale-deed-registration,primary
319,"Overview of Residential Rental Agreement",residential-rental-agreement,primary
320,"Overview of Residential Rental Agreement",residential-rental-agreement,primary
321,"Overview of Relinquishment Deed",relinquishment-deed,primary
322,"Overview of Relinquishment Deed",relinquishment-deed,primary
323,"Overview of Probate of Will",probate-will,primary
324,"Overview of Probate of Will",probate-will,primary
325,"Overview of Share Purchase Agreement",share-purchase-agreement,primary
326,"Overview of Share Purchase Agreement",share-purchase-agreement,primary
327,"Overview of Commercial Rental Agreement",commercial-rental-agreement,primary
328,"Overview of Commercial Rental Agreement",commercial-rental-agreement,primary
329,"Franchise Agreement",franchise-agreement,primary
330,"Franchise Agreement",franchise-agreement,primary
331,"Joint Venture Agreement",joint-venture-agreement,primary
332,"Joint Venture Agreement",joint-venture-agreement,primary
333,"Legal Notice",legal-notice,primary
334,"Legal Notice",legal-notice,primary
335,"RERA Complaint by Dostatup",rera-complaint-by-dostatup,primary
336,"RERA Complaint by Dostatup",rera-complaint-by-dostatup,primary
337,"Cheque Bounce Notice",cheque-bounce-notice,primary
338,"Cheque Bounce Notice",cheque-bounce-notice,primary
339,"Shareholders' Agreement",shareholders-agreement,primary
340,"Shareholders' Agreement",shareholders-agreement,primary
341,"Public Interest Litigation (PIL)",public-interest-litigation,primary
342,"Public Interest Litigation (PIL)",public-interest-litigation,primary
343,"Caveat Petition",caveat-petition,primary
344,"Caveat Petition",caveat-petition,primary
345,"Section 8 Demand Notice under IBC",section-8-demand-notice,primary
346,"Section 8 Demand Notice under IBC",section-8-demand-notice,primary
347,"Consumer Complaint in India",consumer-complaint,primary
348,"Consumer Complaint in India",consumer-complaint,primary
349,"Succession Certificate",succession-certificate,primary
350,"Succession Certificate",succession-certificate,primary
351,"Will Drafting",will-drafting,primary
352,"Will Drafting",will-drafting,primary
353,"Mutual Consent Divorce",mutual-divorce,primary
354,"Mutual Consent Divorce",mutual-divorce,primary
355,"Marriage Registration",marriage-registration,primary
356,"Marriage Registration",marriage-registration,primary
357,"Lease Agreement Drafting",lease-agreement-drafting,primary
358,"Lease Agreement Drafting",lease-agreement-drafting,primary
359,"Divorce Notice",divorce-notice,primary
360,"Divorce Notice",divorce-notice,primary
361,"Property Valuation",property-valuation,primary
362,"Property Valuation",property-valuation,primary
363,"Property Verification",property-verification,primary
364,"Property Verification",property-verification,primary
365,"Sexual Harassment at the Workplace",sexual-harassment-workplace,primary
366,"Sexual Harassment at the Workplace",sexual-harassment-workplace,primary
367,"Property Registration",property-registration,primary
368,"Property Registration",property-registration,primary
369,"Lease Registration",lease-registration,primary
370,"Lease Registration",lease-registration,primary
371,"Power of Attorney (PoA)",power-of-attorney,primary
372,"Power of Attorney (PoA)",power-of-attorney,primary
373,"Divorce Settlement Agreement",divorce-settlement-agreement,primary
374,"Divorce Settlement Agreement",divorce-settlement-agreement,primary
375,"Hindu Marriage Act, 1955",hindu-marriage-act,primary
376,"Hindu Marriage Act, 1955",hindu-marriage-act,primary
377,"Will Registration",will-registration,primary
378,"Will Registration",will-registration,primary
379,"Bail Application",bail-application,primary
380,"Bail Application",bail-application,primary
381,"Consulting Agreement in India",consulting-agreement,primary
382,"Consulting Agreement in India",consulting-agreement,primary
383,"Tenant Eviction Notice in India",tenant-eviction-notice,primary
384,"Tenant Eviction Notice in India",tenant-eviction-notice,primary
385,"Vendor Agreement in India",vendor-agreement,primary
386,"Vendor Agreement in India",vendor-agreement,primary
387,"Judicial Separation in India",judicial-separation,primary
388,"Judicial Separation in India",judicial-separation,primary
389,"License Agreement in India",license-agreement,primary
390,"License Agreement in India",license-agreement,primary
391,"Legal Notice for Non-Payment of Salary in India",legal-notice-for-non-payment-of-salary,primary
392,"Legal Notice for Non-Payment of Salary in India",legal-notice-for-non-payment-of-salary,primary
393,"Model Approval Certificate for Weights & Measures — At a Glance",model-approval-certificate,primary
394,"Model Approval Certificate for Weights & Measures — At a Glance",model-approval-certificate,primary
395,"LMPC Certificate for Import: A Practical Guide",lmpc-certificate,primary
396,"LMPC Certificate for Import: A Practical Guide",lmpc-certificate,primary
397,"Legal Notice for Defamation in India",legal-notice-for-defamation,primary
398,"Legal Notice for Defamation in India",legal-notice-for-defamation,primary
399,"Legal Metrology Dealer Licence — Key Facts",legal-metrology-dealer-licence,primary
400,"Legal Metrology Dealer Licence — Key Facts",legal-metrology-dealer-licence,primary
401,"Legal Metrology Repairer Licence — A Clear‑Cut Guide",legal-metrology-repairer-licence,primary
402,"Legal Metrology Repairer Licence — A Clear‑Cut Guide",legal-metrology-repairer-licence,primary
403,"Packaged Commodity Registration: A Practical Overview",packaged-commodity-registration,primary
404,"Packaged Commodity Registration: A Practical Overview",packaged-commodity-registration,primary
405,"Legal Metrology Licence Renewal: A Concise Guide",legal-metrology-licence-renewal,primary
406,"Legal Metrology Licence Renewal: A Concise Guide",legal-metrology-licence-renewal,primary
407,"Legal Metrology Manufacturer Licence — Essentials at a Glance",legal-metrology-manufacturer-licence,primary
408,"Legal Metrology Manufacturer Licence — Essentials at a Glance",legal-metrology-manufacturer-licence,primary
409,"Legal Metrology License",legal-metrology-act-registration,primary
410,"Legal Metrology License",legal-metrology-act-registration,primary
411,"Drug License in India – An Overview",drug-license,primary
412,"Drug License in India – An Overview",drug-license,primary
413,"Retail Drug License – An Overview",retail-drug-license,primary
414,"Retail Drug License – An Overview",retail-drug-license,primary
415,"Manufacturing Drug License – An Overview",manufacturing-drug-license,primary
416,"Manufacturing Drug License – An Overview",manufacturing-drug-license,primary
417,"Legal Metrology Compliance & Audit",legal-metrology-compliance-audit,primary
418,"Legal Metrology Compliance & Audit",legal-metrology-compliance-audit,primary
419,"Wholesale Drug License – An Overview",wholesale-drug-license,primary
420,"Wholesale Drug License – An Overview",wholesale-drug-license,primary
421,"CDSCO Cosmetic Import Registration – An Overview",cdsco-cosmetic-import-registration,primary
422,"CDSCO Cosmetic Import Registration – An Overview",cdsco-cosmetic-import-registration,primary
423,"CDSCO Medical Device Registration – An Overview",cdsco-medical-device-import-registration,primary
424,"CDSCO Medical Device Registration – An Overview",cdsco-medical-device-import-registration,primary
425,"Cosmetic Manufacturing License – An Overview",cosmetic-manufacturing-license,primary
426,"Cosmetic Manufacturing License – An Overview",cosmetic-manufacturing-license,primary
427,"CDSCO Medical Device Registration – An Overview",cdsco-medical-device-registration,primary
428,"CDSCO Medical Device Registration – An Overview",cdsco-medical-device-registration,primary
429,"In Vitro Diagnostic Device Manufacturing License – An Overview",in-vitro-diagnostic-device-manufacturing-license,primary
430,"In Vitro Diagnostic Device Manufacturing License – An Overview",in-vitro-diagnostic-device-manufacturing-license,primary
431,"Drug Export NOC",drug-export-noc,primary
432,"Drug Export NOC",drug-export-noc,primary
433,"Dual‑Use NOC",dual-use-noc,primary
434,"Dual‑Use NOC",dual-use-noc,primary
435,"CDSCO Test License",cdsco-test-license,primary
436,"CDSCO Test License",cdsco-test-license,primary
437,"In Vitro Diagnostic Device Import License",in-vitro-diagnostic-device-import-license,primary
438,"In Vitro Diagnostic Device Import License",in-vitro-diagnostic-device-import-license,primary
439,"ADC NOC",adc-noc,primary
440,"ADC NOC",adc-noc,primary
441,"Insurance Company License",insurance-company-license,primary
442,"Insurance Company License",insurance-company-license,primary
443,"Insurance Web Aggregator License",insurance-web-aggregator-license,primary
444,"Insurance Web Aggregator License",insurance-web-aggregator-license,primary
445,"Insurance Surveyor and Loss Assessor Registration",insurance-surveyor-loss-assessor-registration,primary
446,"Insurance Surveyor and Loss Assessor Registration",insurance-surveyor-loss-assessor-registration,primary
447,"CDSCO Drugs Import License",cdsco-drugs-import-license,primary
448,"CDSCO Drugs Import License",cdsco-drugs-import-license,primary
449,"Patent Opposition",overview-of-patent-opposition,primary
450,"Patent Opposition",overview-of-patent-opposition,primary
451,"Insurance Marketing Firm Registration",insurance-marketing-firm,primary
452,"Insurance Marketing Firm Registration",insurance-marketing-firm,primary
453,"Trademark Objection in India",trademark-objection-in-india,primary
454,"Trademark Objection in India",trademark-objection-in-india,primary
455,"Trademark Assignment in India",trademark-assignment-in-india,primary
456,"Trademark Assignment in India",trademark-assignment-in-india,primary
457,"Insurance Self-Network Platform (ISNP) Registration",insurance-self-network-platform,primary
458,"Insurance Self-Network Platform (ISNP) Registration",insurance-self-network-platform,primary
459,"Intellectual Property Dispute Services by DOstartup",intellectual-property-dispute,primary
460,"Intellectual Property Dispute Services by DOstartup",intellectual-property-dispute,primary
461,"Trademark Renewal",trademark-renewal,primary
462,"Trademark Renewal",trademark-renewal,primary
463,"Trademark Class Finder",trademark-class-finder,primary
464,"Trademark Class Finder",trademark-class-finder,primary
465,"Trademark Licensing in India: A Dynamic Guide",trademark-licensing,primary
466,"Trademark Licensing in India: A Dynamic Guide",trademark-licensing,primary
467,"Trademark Hearing",trademark-hearing,primary
468,"Trademark Hearing",trademark-hearing,primary
469,"Trademark Opposition",trademark-opposition,primary
470,"Trademark Opposition",trademark-opposition,primary
471,"PRO Authorization: A Comprehensive Overview",pro-authorization,primary
472,"PRO Authorization: A Comprehensive Overview",pro-authorization,primary
473,"E-Waste Recycling Authorization",e-waste-recycling-authorization,primary
474,"E-Waste Recycling Authorization",e-waste-recycling-authorization,primary
475,"EPR Authorization for E‑Waste",epr-authorization-e-waste,primary
476,"EPR Authorization for E‑Waste",epr-authorization-e-waste,primary
477,"Refurbisher Authorization: A Comprehensive Overview",refurbisher-authorization,primary
478,"Refurbisher Authorization: A Comprehensive Overview",refurbisher-authorization,primary
479,"EPR Post Compliance for E‑Waste",epr-post-compliance,primary
480,"EPR Post Compliance for E‑Waste",epr-post-compliance,primary
481,"EPR Target Fulfilment and Compliance",epr-target-fulfilment,primary
482,"EPR Target Fulfilment and Compliance",epr-target-fulfilment,primary
483,"EPR for Battery Waste: An Overview",epr-battery-waste,primary
484,"EPR for Battery Waste: An Overview",epr-battery-waste,primary
485,"EPR Credits in the Plastic Recycling Industry",plastic-credit-scheme,primary
486,"EPR Credits in the Plastic Recycling Industry",plastic-credit-scheme,primary
487,"Export of E‑Waste",export-e-waste,primary
488,"Export of E‑Waste",export-e-waste,primary
489,"EPR Certificate for Importers: An Overview",epr-certificate-importers,primary
490,"EPR Certificate for Importers: An Overview",epr-certificate-importers,primary
491,"Environmental & Social Due Diligence in the Food Processing Industry",esdd-food-processing,primary
492,"Environmental & Social Due Diligence in the Food Processing Industry",esdd-food-processing,primary
493,"Environmental & Social Due Diligence in the Tobacco Industry",esdd-tobacco-industry,primary
494,"Environmental & Social Due Diligence in the Tobacco Industry",esdd-tobacco-industry,primary
495,"Environmental & Social Due Diligence in the Aerospace Industry",esdd-aerospace-industry,primary
496,"Environmental & Social Due Diligence in the Aerospace Industry",esdd-aerospace-industry,primary
497,"Overview of EPR Credits in India",epr-credits-overview,primary
498,"Overview of EPR Credits in India",epr-credits-overview,primary
499,"Environmental & Social Due Diligence in the Renewable Energy Industry",esdd-renewable-energy-industry,primary
500,"Environmental & Social Due Diligence in the Renewable Energy Industry",esdd-renewable-energy-industry,primary
501,"Environmental & Social Due Diligence in the Dairy Industry",esdd-dairy-industry,primary
502,"Environmental & Social Due Diligence in the Dairy Industry",esdd-dairy-industry,primary
503,"Environmental & Social Due Diligence in the Sugar Industry",esdd-sugar-industry,primary
504,"Environmental & Social Due Diligence in the Sugar Industry",esdd-sugar-industry,primary
505,"Environmental & Social Due Diligence in the Iron and Steel Industry",esdd-iron-steel-industry,primary
506,"Environmental & Social Due Diligence in the Iron and Steel Industry",esdd-iron-steel-industry,primary
507,"Environmental & Social Due Diligence in the Financial & Banking Sector",esdd-financial-banking-sector,primary
508,"Environmental & Social Due Diligence in the Financial & Banking Sector",esdd-financial-banking-sector,primary
509,"Environmental & Social Due Diligence in the Agriculture Equipmnet Manufacturing Industry",esdd-agricultural-equipment-industry,primary
510,"Environmental & Social Due Diligence in the Agriculture Equipmnet Manufacturing Industry",esdd-agricultural-equipment-industry,primary
511,"Environment, Social and Governance (ESG) Strategies",esg-strategies,primary
512,"Environment, Social and Governance (ESG) Strategies",esg-strategies,primary
513,"Risk Assessment",risk-assessment,primary
514,"Risk Assessment",risk-assessment,primary
515,"Supply Chain Human Rights & Environmental Due Diligence",supply-chain-human-rights-esdd,primary
516,"Supply Chain Human Rights & Environmental Due Diligence",supply-chain-human-rights-esdd,primary
517,"Environmental & Social Due Diligence in the Furniture and Fixtures Industry",esdd-furniture-fixtures,primary
518,"Environmental & Social Due Diligence in the Furniture and Fixtures Industry",esdd-furniture-fixtures,primary
519,"Environmental Due Diligence (EDD) Services in India",environmental-due-diligence,primary
520,"Environmental Due Diligence (EDD) Services in India",environmental-due-diligence,primary
521,"New Lead Acid Battery Import License",new-lead-acid-battery-import-license,primary
522,"New Lead Acid Battery Import License",new-lead-acid-battery-import-license,primary
523,"Lead Acid Battery Recycling Registration",lead-acid-battery-recycling-registration,primary
524,"Lead Acid Battery Recycling Registration",lead-acid-battery-recycling-registration,primary
525,"Registration for Scrap Battery Import",scrap-battery-import-registration,primary
526,"Registration for Scrap Battery Import",scrap-battery-import-registration,primary
527,"Lithium-Ion Battery Import License",lithium-ion-battery-import-license,primary
528,"Lithium-Ion Battery Import License",lithium-ion-battery-import-license,primary
529,"NGO Registration in India – Your First Step to Making a Difference",ngo-registration-india,primary
530,"NGO Registration in India – Your First Step to Making a Difference",ngo-registration-india,primary
531,"Section 8 Company Registration – Empower Social Impact with Legal Trust",section8-company-registration,primary
532,"Section 8 Company Registration – Empower Social Impact with Legal Trust",section8-company-registration,primary
533,"Society Registration in India – Fast, Legal & Reliable with DoStartup.in",society-registration-india,primary
534,"Society Registration in India – Fast, Legal & Reliable with DoStartup.in",society-registration-india,primary
535,"12AB Registration in India",12ab-registration-india,primary
536,"12AB Registration in India",12ab-registration-india,primary
537,"12A and 80G Registration – Secure Tax Benefits for Your NGO",12a-80g-registration,primary
538,"12A and 80G Registration – Secure Tax Benefits for Your NGO",12a-80g-registration,primary
539,"Design Registration Renewal & Restoration Services",design-registration-renewal-restoration,primary
540,"Design Registration Renewal & Restoration Services",design-registration-renewal-restoration,primary
541,"ISO Registration",iso-registration,primary
542,"ISO Registration",iso-registration,primary
543,"ISO 14001 EMS",iso-certification-14001-ems,primary
544,"ISO 14001 EMS",iso-certification-14001-ems,primary
545,"ISO 22000 FSMS",iso-22000-certification-fsms,primary
546,"ISO 22000 FSMS",iso-22000-certification-fsms,primary
547,"ISO 9001 2015 Certification",iso-9001-2015-certification-quality-management-systems,primary
548,"ISO 9001 2015 Certification",iso-9001-2015-certification-quality-management-systems,primary
549,"ESDD Compliance for the Solar Energy Sector in India",esdd-solar-energy-sector,primary
550,"ESDD Compliance for the Solar Energy Sector in India",esdd-solar-energy-sector,primary
551,"ISO 20000 Certification",iso-20000-certification,primary
552,"ISO 20000 Certification",iso-20000-certification,primary
553,"ISO 31000 Certification",iso-31000-certification,primary
554,"ISO 31000 Certification",iso-31000-certification,primary
555,"ISO 13485 Certification",iso-13485-certification,primary
556,"ISO 13485 Certification",iso-13485-certification,primary
557,"ISO 50001 Energy Management Certification",iso-50001-energy-management,primary
558,"ISO 50001 Energy Management Certification",iso-50001-energy-management,primary
559,"ISO 21101:2014 Certification",iso-21101-2014-certification,primary
560,"ISO 21101:2014 Certification",iso-21101-2014-certification,primary
561,"ISO 37001:2016 Certification",iso-37001-2016-certification,primary
562,"ISO 37001:2016 Certification",iso-37001-2016-certification,primary
563,"ISO 27001 ISMS Certification",iso-27001-isms-certification,primary
564,"ISO 27001 ISMS Certification",iso-27001-isms-certification,primary
565,"ISO 39001 Certification",iso-39001-certification,primary
566,"ISO 39001 Certification",iso-39001-certification,primary
567,"Legal Advisory Services",legal-advisory-services,primary
568,"Legal Advisory Services",legal-advisory-services,primary
569,"ISO 16001 Certification",iso-16001-certification,primary
570,"ISO 16001 Certification",iso-16001-certification,primary
571,"Comprehensive Pharma Consulting Tailored for Modern India",pharma-consultancy-services,primary
572,"Comprehensive Pharma Consulting Tailored for Modern India",pharma-consultancy-services,primary
573,"Premium Business Templates",premium-business-templates,primary
574,"Premium Business Templates",premium-business-templates,primary
575,"Human Resource Templates",human-resource-templates,primary
576,"Human Resource Templates",human-resource-templates,primary
577,"GST Advisory Services",gst-advisory-services,primary
578,"GST Advisory Services",gst-advisory-services,primary
579,"Eco Mark Certification in India",eco-mark-scheme-certification,primary
580,"Eco Mark Certification in India",eco-mark-scheme-certification,primary
581,"BIS CRS Registration in India",bis-crs-registration,primary
582,"BIS CRS Registration in India",bis-crs-registration,primary
583,"Hallmark Registration",hallmark-registration,primary
584,"Hallmark Registration",hallmark-registration,primary
585,"Assaying and Hallmarking Centre",assaying-and-hallmarking-centre,primary
586,"Assaying and Hallmarking Centre",assaying-and-hallmarking-centre,primary
587,"BIS LAB Recognition Scheme",bis-lab-recognition-scheme,primary
588,"BIS LAB Recognition Scheme",bis-lab-recognition-scheme,primary
589,"BIS CRS Certification for Power Banks",bis-crs-certification-for-power-banks,primary
590,"BIS CRS Certification for Power Banks",bis-crs-certification-for-power-banks,primary
591,"BIS Certification for Toys",bis-certification-for-toys,primary
592,"BIS Certification for Toys",bis-certification-for-toys,primary
593,"FMCS BIS Certification  ",fmcs-bis-certification,primary
594,"FMCS BIS Certification  ",fmcs-bis-certification,primary
595,"Development, Planning and Implementation of CSR Strategy",development-planning-implementation-of-csr-strategy,primary
596,"Development, Planning and Implementation of CSR Strategy",development-planning-implementation-of-csr-strategy,primary
597,"AGMARK Registration",agmark-registration,primary
598,"AGMARK Registration",agmark-registration,primary
599,"FEMA Compliance",fema-compliance,primary
600,"FEMA Compliance",fema-compliance,primary
601,"Liaison Office Registration",liaison-office-registration-india,primary
602,"Liaison Office Registration",liaison-office-registration-india,primary
603,"Branch Office Registration",branch-office-registration-india,primary
604,"Branch Office Registration",branch-office-registration-india,primary
605,"Fire Department NOC",fire-department-noc-in-india,primary
606,"Fire Department NOC",fire-department-noc-in-india,primary
607,"Project Office Registration",project-office-registration,primary
608,"Project Office Registration",project-office-registration,primary
609,"Delhi Pollution Control Committee Authorization",delhi-pollution-control-committee-authorization,primary
610,"Delhi Pollution Control Committee Authorization",delhi-pollution-control-committee-authorization,primary
611,"E-waste License for Dismantling",e-waste-license-for-dismantling,primary
612,"E-waste License for Dismantling",e-waste-license-for-dismantling,primary
613,"Phase II Soil and Groundwater Investigations",phase-ii-soil-and-groundwater-investigations,primary
614,"Phase II Soil and Groundwater Investigations",phase-ii-soil-and-groundwater-investigations,primary
615,"Consent to Establish from Pollution Control Board",consent-for-establishment-cfe-from-spcb,primary
616,"Consent to Establish from Pollution Control Board",consent-for-establishment-cfe-from-spcb,primary
617,"NOC Pollution Control Board",NOC-Pollution-Control-Board,primary
618,"NOC Pollution Control Board",NOC-Pollution-Control-Board,primary
619,"Charging Station License in UP",license-for-charging-station-in-up,primary
620,"Charging Station License in UP",license-for-charging-station-in-up,primary
621,"Central Ground Water Authority NOC",cgwa-noc-water-boring,primary
622,"Central Ground Water Authority NOC",cgwa-noc-water-boring,primary
623,"State Pollution Control Board (SPCB) - NOC",state-pollution-control-board-spcb-noc,primary
624,"State Pollution Control Board (SPCB) - NOC",state-pollution-control-board-spcb-noc,primary
625,"Environmental Impact Assessment",environmental-impact-assessment-eia,primary
626,"Environmental Impact Assessment",environmental-impact-assessment-eia,primary
627,"Uttar Pradesh Pollution Control Board",uttar-pradesh-pollution-control-board,primary
628,"Uttar Pradesh Pollution Control Board",uttar-pradesh-pollution-control-board,primary
629,"Hydrogeological Survey Report",hydrogeological-survey-report,primary
630,"Hydrogeological Survey Report",hydrogeological-survey-report,primary
631,"Wildlife Conservation Plan",wildlife-conservation-plan,primary
632,"Wildlife Conservation Plan",wildlife-conservation-plan,primary
633,"Consent for Operation (CFO)",consent-for-operation-cfo,primary
634,"Consent for Operation (CFO)",consent-for-operation-cfo,primary
635,"Extended Producer Responsibility",extended-producer-responsibility,primary
636,"Extended Producer Responsibility",extended-producer-responsibility,primary
637,"Half-Yearly Environmental Compliance",half-yearly-environmental-compliance,primary
638,"Half-Yearly Environmental Compliance",half-yearly-environmental-compliance,primary
639,"Soil Testing- Taking Samples and Testing",soil-testing,primary
640,"Soil Testing- Taking Samples and Testing",soil-testing,primary
641,"Environmental Management Plan Report",environmental-management-plan-report,primary
642,"Environmental Management Plan Report",environmental-management-plan-report,primary
643,"Authorized Vehicle Scrapping Facility (AVSF)",authorized-vehicle-scrapping-facility-avsf,primary
644,"Authorized Vehicle Scrapping Facility (AVSF)",authorized-vehicle-scrapping-facility-avsf,primary
645,"TSDF Facility Services",how-to-start-treatment-storage-disposal-facility-tsdf,primary
646,"TSDF Facility Services",how-to-start-treatment-storage-disposal-facility-tsdf,primary
647,"Environmental Auditing",environmental-auditing,primary
648,"Environmental Auditing",environmental-auditing,primary
649,"iCAT Certification",icat-certification,primary
650,"iCAT Certification",icat-certification,primary
651,"Green Building Certification",green-building-certification,primary
652,"Green Building Certification",green-building-certification,primary
653,"PEFC Certification",pefc-certification,primary
654,"PEFC Certification",pefc-certification,primary
655,"FSC Certification",fsc-certification,primary
656,"FSC Certification",fsc-certification,primary
657,"Get LEED Zero Water Certification",leed-zero-water-certification,primary
658,"Get LEED Zero Water Certification",leed-zero-water-certification,primary
659,"EPR Authorization for Plastic Waste Management",epr-authorization-for-plastic-waste-management,primary
660,"EPR Authorization for Plastic Waste Management",epr-authorization-for-plastic-waste-management,primary
661,"Plastic Waste Recycling Plant Setup",plastic-waste-recycling-plant-pwm-setup,primary
662,"Plastic Waste Recycling Plant Setup",plastic-waste-recycling-plant-pwm-setup,primary
663,"Plastic Waste Processors Authorisation",plastic-waste-processors-authorisation,primary
664,"Plastic Waste Processors Authorisation",plastic-waste-processors-authorisation,primary
665,"EPR Fulfilment For Plastic Waste Management",epr-fulfilment-plastic-waste-management,primary
666,"EPR Fulfilment For Plastic Waste Management",epr-fulfilment-plastic-waste-management,primary
667,"EPR Post Compliance – Plastic Waste",epr-post-compliance-plastic-waste,primary
668,"EPR Post Compliance – Plastic Waste",epr-post-compliance-plastic-waste,primary
669,"NGO Project Report",ngo-project-report,primary
670,"NGO Project Report",ngo-project-report,primary
671,"NGO Income Tax Advisory",ngo-income-tax-advisory,primary
672,"NGO Income Tax Advisory",ngo-income-tax-advisory,primary
673,"NGO CSR Consultancy",ngo-csr-consultancy,primary
674,"NGO CSR Consultancy",ngo-csr-consultancy,primary
675,"NGO CSR-1 Filing",ngo-csr-1-filing,primary
676,"NGO CSR-1 Filing",ngo-csr-1-filing,primary
677,"NGO Accounting",ngo-accounting,primary
678,"NGO Accounting",ngo-accounting,primary
679,"Conversion of Private Limited to Public Limited",conversion-of-private-limited-to-public-limited,primary
680,"Conversion of Private Limited to Public Limited",conversion-of-private-limited-to-public-limited,primary
681,"Carbon Credit Accounting",carbon-credit-accounting,primary
682,"Carbon Credit Accounting",carbon-credit-accounting,primary
683,"Get LEED Zero Carbon Certification for Your Projects Now",leed-zero-carbon-certification,primary
684,"Get LEED Zero Carbon Certification for Your Projects Now",leed-zero-carbon-certification,primary
685,"Civil Law in India",civil-law-overview,primary
686,"Civil Law in India",civil-law-overview,primary
687,"Website Development Services",web-development-services,primary
688,"Website Development Services",web-development-services,primary
689,"Quashing of FIR",quashing-of-fir,primary
690,"Quashing of FIR",quashing-of-fir,primary
691,"Writ Petition",writ-petition,primary
692,"Writ Petition",writ-petition,primary
693,"Domestic Violence",domestic-violence,primary
694,"Domestic Violence",domestic-violence,primary
695,Defamation,defamation,primary
696,Defamation,defamation,primary
697,"Asset Purchase Agreement",asset-purchase-agreement,primary
698,"Asset Purchase Agreement",asset-purchase-agreement,primary
699,"Legal Notice for Non-Payment of Dues",legal_notice_non_payment,primary
700,"Legal Notice for Non-Payment of Dues",legal_notice_non_payment,primary
701,"Business Plan Services – DoStartup",business_plan,primary
702,"Business Plan Services – DoStartup",business_plan,primary
703,"Accounts Payable (AP) Services – DoStartup",accounts_payable_services,primary
704,"Accounts Payable (AP) Services – DoStartup",accounts_payable_services,primary
705,"Virtual CFO Services – DoStartup",virtual_cfo_services,primary
706,"Virtual CFO Services – DoStartup",virtual_cfo_services,primary
707,"Accounts Receivable (AR) Services – DoStartup",accounts_receivable_services,primary
708,"Accounts Receivable (AR) Services – DoStartup",accounts_receivable_services,primary
709,"Secretarial Audit under Companies Act, 2013",secretarial_audit,primary
710,"Secretarial Audit under Companies Act, 2013",secretarial_audit,primary
711,"Forensic Audit Services – DoStartup",forensic_audit_services,primary
712,"Forensic Audit Services – DoStartup",forensic_audit_services,primary
713,"Bookkeeping Services – DoStartup",bookkeeping_services,primary
714,"Bookkeeping Services – DoStartup",bookkeeping_services,primary
715,"Fund-Raising Services – DoStartup",fund_raising_services,primary
716,"Fund-Raising Services – DoStartup",fund_raising_services,primary
717,"Tax Audit Services – DoStartup",tax_audit_services,primary
718,"Tax Audit Services – DoStartup",tax_audit_services,primary
719,"Term Sheet – Fast Facts & Practical Guide",term_sheet_guide,primary
720,"Term Sheet – Fast Facts & Practical Guide",term_sheet_guide,primary
721,"Technical Audit – DoStartup",technical_audit_services,primary
722,"Technical Audit – DoStartup",technical_audit_services,primary
723,"M2M Communications Registration – DoStartup",m2m_registration_services,primary
724,"M2M Communications Registration – DoStartup",m2m_registration_services,primary
725,"Factory Sanitation Audit – DoStartup",factory_sanitation_audit_services,primary
726,"Factory Sanitation Audit – DoStartup",factory_sanitation_audit_services,primary
727,"Manufacturing Audit – DoStartup",manufacturing_audit_services,primary
728,"Manufacturing Audit – DoStartup",manufacturing_audit_services,primary
729,"Ethical Audit Services – DoStartup",ethical_audit_services,primary
730,"Ethical Audit Services – DoStartup",ethical_audit_services,primary
731,"AIF License Registration – DoStartup",aif_license_registration,primary
732,"AIF License Registration – DoStartup",aif_license_registration,primary
733,"Fractional CFO Services – DoStartup",fractional_cfo_services,primary
734,"Fractional CFO Services – DoStartup",fractional_cfo_services,primary
735,"Mergers and Acquisitions – DoStartup",mergers_and_acquisitions,primary
736,"Mergers and Acquisitions – DoStartup",mergers_and_acquisitions,primary
737,"Insurance Audit Services – DoStartup",insurance_audit_services,primary
738,"Insurance Audit Services – DoStartup",insurance_audit_services,primary
739,"Recovery of Shares from IEPF – DoStartup",recovery_of_shares_from_iepf,primary
740,"Recovery of Shares from IEPF – DoStartup",recovery_of_shares_from_iepf,primary
741,"Collective Investment Scheme Registration – DoStartup",collective_investment_scheme,primary
742,"Collective Investment Scheme Registration – DoStartup",collective_investment_scheme,primary
743,"AMFI Registration in India – DoStartup",amfi_registration,primary
744,"AMFI Registration in India – DoStartup",amfi_registration,primary
745,"SEBI Underwriter Registration – DoStartup",underwriter_registration,primary
746,"SEBI Underwriter Registration – DoStartup",underwriter_registration,primary
747,"Merchant Banker License – DoStartup",merchant_banker_license,primary
748,"Merchant Banker License – DoStartup",merchant_banker_license,primary
749,"UL VNO License – DoStartup",ul_vno_license,primary
750,"UL VNO License – DoStartup",ul_vno_license,primary
751,"Get IPLC License Effortlessly with DoStartUp",iplc-license,primary
752,"Get IPLC License Effortlessly with DoStartUp",iplc-license,primary
753,"Non-Network License Services with DoStartUp",non-network-license-services,primary
754,"Non-Network License Services with DoStartUp",non-network-license-services,primary
755,"Get Your Network License in India with DoStartUp",network-license-india,primary
756,"Get Your Network License in India with DoStartUp",network-license-india,primary
757,"WPC Import License - An Overview",wpc-import-license,primary
758,"WPC Import License - An Overview",wpc-import-license,primary
759,"DPL/NDPL License Services with DoStartUp",dpl-ndpl-license-services,primary
760,"DPL/NDPL License Services with DoStartUp",dpl-ndpl-license-services,primary
761,"FCC Certification for Electronic Devices – Sell Legally in the USA",fcc-certification-usa,primary
762,"FCC Certification for Electronic Devices – Sell Legally in the USA",fcc-certification-usa,primary
763,"Term Sheet — Fast Facts & Practical Guide",term_sheet,primary
764,"Term Sheet — Fast Facts & Practical Guide",term_sheet,primary
765,"Factory Sanitation Audit — Pocket Guide for Safe, Hygienic Production",factory_sanitation_audit,primary
766,"Factory Sanitation Audit — Pocket Guide for Safe, Hygienic Production",factory_sanitation_audit,primary
767,"Demonstration Licence Services in India",demonstration-license-services,primary
768,"Demonstration Licence Services in India",demonstration-license-services,primary
769,"Wordmark Registration in India",wordmark-registration-india,primary
770,"Wordmark Registration in India",wordmark-registration-india,primary
771,"Hazardous Waste Management Authorisation (Domestic)",hazardous-waste-management-authorisation-domestic,primary
772,"Hazardous Waste Management Authorisation (Domestic)",hazardous-waste-management-authorisation-domestic,primary
773,"Authorization for Import of Hazardous Waste",authorization-for-import-of-hazardous-waste,primary
774,"Authorization for Import of Hazardous Waste",authorization-for-import-of-hazardous-waste,primary
775,"Authorisation for Export of Hazardous Waste",authorization-for-export-of-hazardous-waste,primary
776,"Authorisation for Export of Hazardous Waste",authorization-for-export-of-hazardous-waste,primary
777,"Solid Waste Management Authorisation",solid-waste-management-authorisation,primary
778,"Solid Waste Management Authorisation",solid-waste-management-authorisation,primary
779,"Hazardous Waste Export Authorisation",hazardous-waste-export-authorisation,primary
780,"Hazardous Waste Export Authorisation",hazardous-waste-export-authorisation,primary
781,"Hazardous Waste Management and Compliance Assurance",hazardous-waste-management-and-compliance-assurance,primary
782,"Hazardous Waste Management and Compliance Assurance",hazardous-waste-management-and-compliance-assurance,primary
783,"E-Waste Recycling License",e-waste-recycling-license,primary
784,"E-Waste Recycling License",e-waste-recycling-license,primary
785,"EPR Registration for Producers and Brand Owners",epr-registration-for-producers-and-brand-owners,primary
786,"EPR Registration for Producers and Brand Owners",epr-registration-for-producers-and-brand-owners,primary
787,"Land Waste Management — Need & Overview",land-waste-management,primary
788,"Land Waste Management — Need & Overview",land-waste-management,primary
789,"EPR Compliance for E-Waste Management",epr-fullfillment-e-waste-management,primary
790,"EPR Compliance for E-Waste Management",epr-fullfillment-e-waste-management,primary
791,"Need for EPR Compliance in India",need-for-epr-compliance-in-india,primary
792,"Need for EPR Compliance in India",need-for-epr-compliance-in-india,primary
793,"Fermentation Industry Setup — Start Your Fermentation Business in India",fermentation-industry-setup,primary
794,"Fermentation Industry Setup — Start Your Fermentation Business in India",fermentation-industry-setup,primary
795,"Paper and Paperboard Packaging Industry Setup Guide",paper-paperboard-packaging-industry-setup-guide,primary
796,"Paper and Paperboard Packaging Industry Setup Guide",paper-paperboard-packaging-industry-setup-guide,primary
797,"Start Your Renewable Energy Business in India with Expert Guidance",start-your-renewable-energy-business-india,primary
798,"Start Your Renewable Energy Business in India with Expert Guidance",start-your-renewable-energy-business-india,primary
799,"Synthetic Rubber Manufacturing Business - Complete Guide",synthetic-rubber-manufacturing-business-complete-guide,primary
800,"Synthetic Rubber Manufacturing Business - Complete Guide",synthetic-rubber-manufacturing-business-complete-guide,primary
801,"Green Hydrogen Plant Setup in India – A Complete Guide",green-hydrogen-plant-setup,primary
802,"Green Hydrogen Plant Setup in India – A Complete Guide",green-hydrogen-plant-setup,primary
803,"Carbon Black Manufacturing Business in India – A Comprehensive Guide",carbon-black-manufacturing-business,primary
804,"Carbon Black Manufacturing Business in India – A Comprehensive Guide",carbon-black-manufacturing-business,primary
805,"LLP Registration in India",LLPRegistrationPage,primary
806,"LLP Registration in India",LLPRegistrationPage,primary
807,"Green Ammonia Plant Setup in India – A Strategic Investment Opportunity",green-ammonia,primary
808,"Green Ammonia Plant Setup in India – A Strategic Investment Opportunity",green-ammonia,primary
809,"Public Limited Company Registration in India",PublicLimitedCompanyPage,primary
810,"Public Limited Company Registration in India",PublicLimitedCompanyPage,primary
